theme,hashtag,nombre
2,#beautymatch,143
2,#rt,104
2,#theisland,103
2,#vtep,98
2,#thibaultshannawt,83
2,#wandertea,73
2,#oliveyou,63
2,#lifeascarolines,57
2,#lemanoirlefilm,52
2,#influenceurpopculture,51
2,#lesanges10,47
2,#nofilter,47
2,#healthy,45
2,#lookoftheday,43
2,#london,37
2,#paris,35
2,#miami,35
2,#dals,33
2,#horia,32
2,#girl,31
2,#new,31
2,#makeup,30
2,#fortboyard,30
2,#lovearmyforrohingya,30
2,#kohlanta,29
2,#legday,28
2,#mode,28
2,#horialeblog,27
2,#woman,27
2,#ootd,27
2,#halloween,26
2,#pcas,26
2,#nouvellephotodeprofil,26
2,#jesuishappy,25
2,#vote,23
2,#croatia,23
2,#youtube,23
2,#topchef,23
2,#happy,23
2,#fiersdetrebleus,22
2,#weekend,22
2,#love,22
2,#tpmp,22
2,#semainedelhorreur,21
2,#lyon,21
2,#lunchtime,21
2,#missfrance,20
2,#vacances2017,20
2,#barcelona,20
2,#lrds,20
2,#vacances,20
2,#holidays,19
2,#morning,18
2,#happiness,18
2,#audiences,18
2,#cannes,18
2,#wanderteasales,18
2,#bienvenuecheznous,18
2,#cannes2015,18
2,#losangeles,17
2,#healthyfood,17
2,#vierge,17
2,#merci,16
2,#gottalisten,16
2,#detox,16
2,#lt,16
2,#nrj12,16
2,#idbus,16
2,#family,15
2,#instagram,15
2,#croatie,15
2,#vlogmas,15
2,#fitgirl,15
2,#peopleschoice,15
2,#wandertips,15
2,#fashion,15
2,#wandernews,14
2,#fracro,14
2,#concours,14
2,#holiday,14
2,#lovearmy,14
2,#missfrance2018,14
2,#surlarouteje,14
2,#summerforever,14
2,#voy,13
2,#vloggist,13
2,#pfw,13
2,#fraarg,13
2,#healthylifestyle,13
2,#keynote,13
2,#youtubeuse,13
2,#travel,13
2,#myhometourbiarritz,13
2,#lovearmyforsomalia,13
2,#breakfast,12
2,#summer,12
2,#sfr,12
2,#comingsoon,12
2,#england,12
2,#goodday,12
2,#fashionblog,11
2,#outfit,11
2,#pommpommgirls,11
2,#fit,11
2,#wearetheorca,11
2,#pronoviasitbrides,11
2,#makeupaddict,11
2,#ad,11
2,#sephoraxsandrea,11
2,#work,11
1,#rt,431
1,#nintendoswitch,294
1,#pgw,181
1,#soulcaliburvi,173
1,#teamg1,129
1,#avecle6,73
1,#pgw2018,64
1,#fortnite,63
1,#evo2018,54
1,#rdr2,47
1,#vforvictory,47
1,#marcusstream,46
1,#concours,44
1,#forzahorizon4,40
1,#parispubg,39
1,#nba2k19,38
1,#owwc2018,36
1,#nouvellephotodeprofil,36
1,#ps4,35
1,#noob,35
1,#overwatch,35
1,#ad,34
1,#pubg,32
1,#fallout76,32
1,#nintendo,32
1,#solaryparty,32
1,#shadowofthetombraider,32
1,#lolopentour,32
1,#worlds2018,31
1,#e3mb,31
1,#lestreamshowbarriere,30
1,#tekken7,30
1,#bfa,29
1,#nintendodirect,29
1,#eswcmetz,27
1,#parisgamesweek,27
1,#playstation,26
1,#spidermanps4,26
1,#rg18,25
1,#esport,24
1,#ogow,24
1,#omenchallenge,24
1,#fdjesport,24
1,#poulpemb,23
1,#csgo,23
1,#zevent2018,22
1,#broadcasterroyale,21
1,#blackops4,21
1,#splatoon2,21
1,#lsdlp,20
1,#fracro,20
1,#soulcalibur,19
1,#mangalaxy,19
1,#canapherosldlc,19
1,#pokemonletsgo,19
1,#gamescom2018,18
1,#playstationclassic,18
1,#orangepgw,17
1,#reddeadredemption2,17
1,#gotagashowbarriere,17
1,#nintendolabo,16
1,#eso,16
1,#marcusalon,16
1,#fgo,16
1,#wpodublin,16
1,#lt,16
1,#summerskirmish,16
1,#fifa19,15
1,#gaming,15
1,#noobrpg,15
1,#fdjopenseries,15
1,#redbullkumite,15
1,#supersmashbrosultimate,14
1,#slypgw18,14
1,#playlive,14
1,#twitch,13
1,#follow,13
1,#e32018,13
1,#wow,13
1,#minecraft,13
1,#cic_esport,13
1,#solarykorea,13
1,#mfighting,13
1,#caroju,13
1,#assassinscreedodyssey,13
1,#es1tv,13
1,#owwcparis,13
1,#ps4share,12
1,#solacer,12
1,#lagrandebattle,12
1,#masterclashow,12
1,#vga2018,12
1,#randstadlevelup,12
1,#e3,12
1,#forthehorde,12
1,#ogtv,12
1,#pokemon,12
1,#zelda,12
1,#japanexpo2018,12
1,#gowin,11
1,#ga2018,11
1,#retrogaming,11
1,#owl2018,11
1,#fh4goodwood,11
1,#overcooked2,11
1,#restocaroju,11
1,#battleforazeroth,11
1,#marcussalon,11
1,#neogicia,11
1,#tgs2018,11
1,#tombraider,11
1,#100co,11
