theme,word,nombre,ok
2,pour,3190,0
2,les,3041,0
2,vous,2486,0
2,que,2149,0
2,sur,2106,0
2,une,2013,0
2,avec,1774,0
2,cest,1697,0
2,pas,1649,0
2,des,1593,0
2,est,1590,0
2,vidéo,1532,1
2,dans,1490,0
2,jai,1407,0
2,qui,1342,0
2,mon,1241,0
2,youtube,1071,1
2,merci,985,1
2,nouvelle,965,1
2,plus,897,0
2,mais,861,0
2,trop,717,0
2,cette,707,0
2,tout,693,0
2,via,691,1
2,the,685,0
2,fait,681,0
2,suis,670,0
2,mes,657,0
2,quand,603,0
2,moi,588,0
2,bien,577,0
2,tous,535,0
2,nous,518,0
2,nouveau,487,1
2,beauteactive,472,1
2,faire,464,0
2,elle,462,0
2,soir,440,1
2,bon,438,0
2,journée,436,1
2,tellement,425,1
2,par,418,0
2,bonne,401,1
2,voir,401,1
2,comme,393,1
2,vlog,386,1
2,sont,378,0
2,caroreceveur,360,0
2,son,358,0
2,petit,357,1
2,ligne,353,1
2,ici,353,1
2,aujourdhui,351,1
2,hâte,339,1
2,and,335,1
2,vos,333,0
2,emmymakeuppro,321,0
2,demain,318,1
2,quoi,308,0
2,livre,306,1
2,notre,298,0
2,jour,297,1
2,rdv,296,1
2,vie,296,1
2,vraiment,293,1
2,très,292,1
2,encore,290,1
2,toi,290,0
2,you,288,0
2,camillecerfoff,287,0
2,horia,287,1
2,chez,276,0
2,belle,271,1
2,paris,269,1
2,ton,268,0
2,même,267,0
2,votre,266,0
2,for,266,0
2,aussi,265,1
2,semaine,263,1
2,emyltr,259,0
2,jaime,258,0
2,shannakress83,257,0
2,tiboudnez,257,0
2,avez,254,0
2,toujours,252,1
2,enfin,251,0
2,dernière,251,1
2,être,247,0
2,with,241,0
2,aux,240,0
2,new,234,1
2,fois,230,1
2,jamais,226,1
2,this,226,0
2,amis,224,1
2,video,223,1
2,tes,222,0
2,ces,219,0
2,france,217,1
2,moment,213,1
2,juste,212,1
2,safiavendome,210
2,jours,210
2,temps,210
2,alors,207
2,comment,207
2,monde,206
2,après,205
2,vais,202
2,oui,202
2,nos,194
2,quon,193
2,été,192
2,peu,191
2,avant,191
2,super,186
2,fais,185
2,ses,184
2,bravo,184
2,toutes,184
2,petite,182
2,cétait,182
2,nouvel,182
2,blog,181
2,non,181
2,toute,180
2,photo,177
2,sans,175
2,beaucoup,175
2,dit,175
2,depuis,175
2,ans,173
2,gens,172
2,déjà,171
2,chaîne,170
2,épisode,169
2,matin,166
2,hello,166
2,your,165
2,quelle,163
2,quil,163
2,instagram,163
2,love,159
2,sera,158
2,look,158
2,our,157
2,concours,155
2,rien,155
2,ils,155
2,compte,154
2,collection,154
2,dire,153
2,weekend,152
2,dune,152
2,peut,152
2,youmakefashion,151
2,wandertea,151
2,rire,148
2,top,147
2,ont,147
2,soirée,147
2,team,146
2,article,144
2,beautymatch,143
2,dimanche,142
2,parle,140
2,avoir,140
2,veux,139
2,nuit,139
2,lien,139
2,make,138
2,beauté,138
2,allez,138
2,fin,137
2,makeup,137
2,andyraconte,135
2,maintenant,135
2,davoir,134
2,première,134
2,coup,133
2,fadelamecheri,132
2,viens,132
2,êtes,132
2,découvrir,131
2,dun,131
2,week,130
2,dernier,128
2,quelques,128
2,jadore,128
2,leur,127
2,deux,127
2,vidéos,127
2,entre,126
2,envie,124
2,summer,124
2,grand,123
2,magnifique,123
2,hier,122
2,beau,122
2,story,122
2,gloria,121
2,plaisir,120
2,mois,119
2,dêtre,119
2,cet,117
2,besoin,117
2,jespère,117
2,snapchat,117
2,2018,117
2,produits,116
2,day,116
2,sandrea26france,115
2,lui,114
2,sais,114
2,suite,114
2,twitter,113
2,nato_o,113
2,happy,113
2,mode,112
2,chaque,112
2,ladresse,111
2,live,111
2,donc,111
2,tf1,111
2,famille,110
2,sous,109
2,gagner,109
2,passe,109
2,samedi,109
2,jen,109
2,devant,109
2,vite,108
2,était,108
2,insta,108
2,beauty,108
2,personne,107
2,lufyyyy,107
2,ceux,106
2,retour,106
2,plein,106
2,theisland,104
2,faut,104
2,saison,103
2,photos,102
2,bonjour,102
2,regarder,101
2,tête,100
2,aller,100
2,playlist,100
2,vacances,99
2,vtep,99
2,haul,99
2,her,99
2,gros,99
2,mieux,99
2,18h,99
2,peux,98
2,parce,97
2,that,97
2,maison,97
2,choses,96
2,quel,96
2,pourquoi,96
2,mal,95
2,from,95
2,heureuse,95
2,haha,94
2,end,94
2,style,94
2,snap,93
2,contente,93
2,fou,93
2,bientôt,93
2,noël,92
2,cheveux,92
2,vois,92
2,pendant,91
2,chakeup,91
2,cool,91
2,faites,91
2,jolie,90
2,miss,89
2,donne,89
2,lundi,89
2,voyage,89
2,voici,88
2,bio,88
2,about,88
2,premier,87
2,voilà,87
2,reste,87
2,crois,87
2,maquillage,87
2,nest,87
2,petits,87
2,anniversaire,87
2,bisous,86
2,meganvlt,86
2,clip,86
2,autres,86
2,morning,85
2,all,85
2,part,85
2,maman,85
2,dearcarotte,84
2,vrai,84
2,routine,84
2,javais,84
2,commence,84
2,minutes,84
2,meilleure,83
2,halloween,83
2,parler,83
2,thibaultshannawt,83
2,chose,83
2,dispo,83
2,kids,82
2,passer,82
2,moins,82
2,are,82
2,prendre,82
2,genre,82
2,coeur,81
2,site,80
2,thibaultmiami,80
2,meilleur,79
2,night,79
2,vendredi,78
2,grâce,78
2,code,78
2,adrianne1705,78
2,jsuis,78
2,back,78
2,dis,77
2,soleil,77
2,place,76
2,année,76
2,dès,76
2,omg,76
2,but,76
2,coucou,76
2,film,75
2,what,75
2,car,75
2,personnes,75
2,tas,75
2,prochain,75
2,partir,74
2,arrive,74
2,disponible,74
2,sort,74
2,chat,74
2,surprise,74
2,direction,74
2,palette,73
2,projet,73
2,surtout,73
2,prochaine,73
2,vient,73
2,miami,72
2,collab,72
2,diy,72
2,contre,72
2,lire,71
2,font,71
2,tournage,70
2,best,70
2,healthy,70
2,folie,70
2,fond,70
2,rêve,69
2,fille,69
2,retrouve,68
2,retrouver,68
2,chaine,68
2,one,68
2,united,67
2,conseils,67
2,célébrités,67
2,partager,67
2,regarde,66
2,rentrée,66
2,mercredi,66
2,soit,66
2,bébé,66
2,ensemble,66
2,avis,66
2,tea,66
2,detox,66
2,17h,66
2,mardi,65
2,just,65
2,cœur,65
2,commentaires,65
2,série,65
2,grave,65
2,sephora,65
2,direct,65
2,yeux,65
2,maevacouckeoff,65
2,grande,64
2,bonheur,64
2,jétais,64
2,good,64
2,seule,64
2,pouvoir,64
2,sortie,64
2,its,64
2,pense,64
2,dont,64
2,girl,64
2,bah,63
2,lyon,63
2,passé,63
2,oliveyou,63
2,like,63
2,time,63
2,kihoumiu,62
2,episode,62
2,vivre,62
2,train,62
2,mec,62
2,lol,62
2,jenesuispasjoli,62
2,london,62
2,tfx,61
2,génial,61
2,rendezvous,61
2,pouvez,61
2,femmes,61
2,autant,61
2,nouvelles,61
2,100,61
2,filles,60
2,cannes,60
2,gars,60
2,mère,60
2,have,60
2,femme,60
2,voix,60
2,fan,60
2,littlejbeauty,59
2,lai,59
2,travail,59
2,life,59
2,festival,59
2,continue,59
2,peur,58
2,questions,58
2,today,58
2,dédicace,58
2,damour,58
2,partie,58
2,joyeux,58
2,caroline,58
2,21h,58
2,lété,57
2,fête,57
2,rencontre,57
2,découvrez,57
2,lifeascarolines,56
2,amours,56
2,perfect,56
2,cure,56
2,commencer,56
2,chats,55
2,shooting,55
2,facebook,55
2,how,55
2,incroyable,55
2,vloggistyt,55
2,lannée,55
2,enfants,55
2,messages,55
2,youtubeuse,55
2,jusquà,55
2,trouve,55
2,rencontrer,55
2,reçu,54
2,hey,54
2,chance,54
2,elles,54
2,sport,54
2,sens,54
2,heures,54
2,rose,53
2,leurs,53
2,mdr,53
2,voter,53
2,suivre,53
2,putain,52
2,joli,52
2,souvenir,52
2,début,52
2,truc,52
2,sest,52
2,fort,52
2,savoir,52
2,mettre,52
2,tour,51
2,ahah,51
2,robe,51
2,were,51
2,lemanoirlefilm,51
2,shopping,51
2,get,51
2,possible,51
2,lheure,50
2,fière,50
2,prévu,50
2,demande,50
2,rouge,50
2,félicitations,50
2,irismittenaereo,50
2,marque,50
2,quelque,50
2,nai,50
2,venir,50
2,influenceurpopculture,50
2,chien,50
2,parfait,49
2,passion,49
2,sinon,49
2,montre,49
2,seul,49
2,2017,49
2,jeu,49
2,cadeau,49
2,laisse,48
2,quelquun,48
2,ma2x,48
2,svp,48
2,dhoria,48
2,souhaite,48
2,dois,48
2,assez,48
2,question,48
2,nouveaux,48
2,more,48
2,taime,47
2,douce,47
2,lesanges10,47
2,point,47
2,cartmanofficiel,47
2,nofilter,47
2,passez,47
2,superbe,47
2,aime,47
2,chanson,47
2,emiliegomis,46
2,favorite,46
2,couple,46
2,not,46
2,pris,46
2,dingue,46
2,dressing,46
2,stomyduarte,46
2,can,46
2,tpmp,46
2,présente,46
2,tant,45
2,amour,45
2,bonnes,45
2,olivierdion,45
2,sait,45
2,manque,45
2,teste,45
2,aleveaux,45
2,fashion,45
2,louisyjoseph,45
2,bout,45
2,ajouté,45
2,français,45
2,serai,45
2,musique,45
2,sourire,45
2,manger,45
2,guide,45
2,prix,44
2,test,44
2,lets,44
2,semaines,44
2,adoré,44
2,puis,44
2,chcalifano,44
2,tweet,44
2,octolyfr,44
2,face,44
2,attend,44
2,lorealparisfr,44
2,2100,44
2,testé,43
2,fnac,43
2,soldes,43
2,drôle,43
2,too,43
2,cover,43
2,vas,43
2,box,43
2,woman,43
2,priscillabetti,43
2,midi,43
2,public,43
2,long,43
2,pensez,43
2,mai,43
2,lookoftheday,43
2,sunday,43
2,prend,43
2,cas,43
2,dessus,43
2,découverte,42
2,léquipe,42
2,these,42
2,trouvé,42
2,laamofficial,42
2,aura,42
2,men,42
2,montage,42
2,pire,42
2,post,42
2,longtemps,42
2,porte,42
2,lesseritousoff,41
2,tokyo,41
2,merde,41
2,route,41
2,finir,41
2,quils,41
2,1er,41
2,cela,41
2,dormir,41
2,sent,41
2,bzaibat,41
2,ever,41
2,japon,41
2,annonce,41
2,000,41
2,when,41
2,peizeratgwendal,41
2,expérience,41
2,parti,41
2,meetup,41
2,loin,41
2,bye,40
2,côté,40
2,autre,40
2,adore,40
2,thank,40
2,sorti,40
2,thanks,40
2,liiigne,40
2,attendant,40
2,retrouvez,40
2,cause,40
2,tenue,40
2,sananas2106,40
2,veut,40
2,fun,39
2,first,39
2,avril,39
2,boutique,39
2,match,39
2,vont,39
2,soutien,39
2,fall,39
2,cours,39
2,message,39
2,ready,39
2,wtf,39
2,plutôt,39
2,vue,39
2,belles,39
2,mood,39
2,revoir,39
2,séance,39
2,here,39
2,abonnés,38
2,potes,38
2,septembre,38
2,corps,38
2,world,38
2,images,38
2,commande,38
2,got,38
2,jeudi,38
2,peau,38
2,rue,38
2,joie,38
2,finale,38
2,cadeaux,38
2,limpression,38
2,soin,38
2,sublime,37
2,lekemar,37
2,animaux,37
2,little,37
2,voit,37
2,doit,37
2,bienvenue,37
2,collaboration,37
2,franchement,37
2,met,37
2,seront,37
2,jouer,37
2,presque,37
2,grosse,37
2,nhésitez,36
2,out,36
2,dédicaces,36
2,lieu,36
2,chaud,36
2,lépisode,36
2,dirait,36
2,participer,36
2,trouver,36
2,couleur,36
2,lille,36
2,rêves,36
2,énorme,36
2,hein,36
2,people,36
2,acheté,36
2,mots,36
2,ouf,36
2,magique,36
2,venez,36
2,vivement,36
2,some,36
2,lit,36
2,carolinelanau,36
2,courage,35
2,petites,35
2,avait,35
2,idée,35
2,will,35
2,home,35
2,friends,35
2,salle,35
2,ptits,35
2,lon,35
2,skin,35
2,gueule,35
2,vraie,35
2,exploremikehorn,35
2,bordel,35
2,liiiigne,35
2,changer,35
2,sortir,35
2,souvent,35
2,absolument,35
2,préféré,35
2,voulez,35
2,voiture,35
2,partage,35
2,lavez,35
2,auprès,35
2,birthday,34
2,dites,34
2,parfaite,34
2,cinéma,34
2,vote,34
2,droit,34
2,mains,34
2,attention,34
2,coupe,34
2,spéciale,34
2,baby,34
2,main,34
2,dals,34
2,votes,34
2,dazur,34
2,interview,34
2,merveille,34
2,wanderteafr,34
2,las,34
2,missfrance,34
2,façon,34
2,trucs,33
2,voulais,33
2,déco,33
2,disneylandparis,33
2,studio,33
2,body,33
2,french,33
2,prête,33
2,mourir,33
2,officiel,33
2,serait,33
2,noubliez,33
2,beaux,33
2,pays,33
2,parfois,33
2,suivez,33
2,sympa,33
2,mis,33
2,copains,33
2,shop,33
2,seulement,33
2,way,32
2,kohlanta,32
2,concert,32
2,party,32
2,équipe,32
2,passage,32
2,choix,32
2,produit,32
2,outfit,32
2,fini,32
2,page,32
2,faisait,32
2,work,32
2,programme,32
2,retours,32
2,promo,32
2,sil,32
2,donner,32
2,eux,32
2,années,32
2,pleine,32
2,emmy,32
2,millions,32
2,lookbook,32
2,mise,32
2,tuto,32
2,lecture,32
2,raconte,32
2,morte,32
2,partout,32
2,celle,31
2,change,31
2,shannoletonneau,31
2,force,31
2,looks,31
2,simple,31
2,big,31
2,issadoumbia,31
2,thé,31
2,quotidien,31
2,stories,31
2,need,31
2,tard,31
2,favoris,31
2,pop,31
2,much,31
2,places,31
2,meilleurs,31
2,visage,31
2,who,31
2,cant,31
2,copain,31
2,vintage,31
2,beautymatch_tfx,31
2,lèvres,31
2,visite,31
2,celui,30
2,adorable,30
2,nombreux,30
2,amie,30
2,secret,30
2,salut,30
2,avons,30
2,dautres,30
2,nont,30
2,was,30
2,offre,30
2,estelleblogmode,30
2,deuxième,30
2,novembre,30
2,vers,30
2,fortboyard,30
2,lovearmyforrohingya,30
2,leau,30
2,malade,30
2,ultra,30
2,terre,30
2,désormais,30
2,profite,30
2,thedollbeauty,29
2,comprendre,29
2,reprise,29
2,golden,29
2,téléphone,29
2,piscine,29
2,loccasion,29
2,chou,29
2,complet,29
2,ootd,29
2,mort,29
2,froid,29
2,family,29
2,girls,29
2,prends,29
2,vibes,29
2,spécial,29
2,grossesse,29
2,hair,29
2,vide,29
2,regardez,29
2,août,29
2,dhier,29
2,octobre,29
2,quun,29
2,heure,29
2,bain,28
2,know,28
2,réponse,28
2,los,28
2,savez,28
2,derniers,28
2,soutenir,28
2,fruits,28
2,legday,28
2,blague,28
2,montrer,28
2,inédit,28
2,anges,28
2,plage,28
2,tiens,28
2,impossible,28
2,nouveautés,28
2,wow,28
2,daller,28
2,lair,28
2,take,28
2,sommes,28
2,bisou,28
2,annesogirard,28
2,awards,28
2,1ère,28
2,fêtes,28
2,estce,28
2,provencealpescote,28
2,last,28
2,bellas,28
2,vlogmars,28
2,perdu,28
2,beach,28
2,humeur,28
2,important,28
2,weve,28
2,cyrilferaud,28
2,aventure,28
2,qualité,27
2,demandé,27
2,histoire,27
2,danse,27
2,jimmyfaitlcon,27
2,garde,27
2,tony_st_laurent,27
2,juin,27
2,15h,27
2,vlogmas,27
2,sujet,27
2,stop,27
2,vlogs,27
2,séjour,27
2,netflix,27
2,astuces,27
2,choice,27
2,shymofficiel,27
2,tenues,27
2,monday,27
2,lhistoire,27
2,recette,27
2,meet,27
2,recevoir,27
2,souvenirs,27
2,plan,27
2,normal,27
2,added,27
2,colis,27
2,show,27
2,clichesdejigme,27
2,niveau,27
2,pote,27
2,quà,27
2,jusquau,27
2,nom,27
2,idées,27
2,couleurs,27
2,city,27
2,bons,27
2,noir,27
2,arrivée,27
2,peine,27
2,mariage,27
2,chouette,27
2,douceur,27
2,horialeblog,27
2,mérite,26
2,père,26
2,poster,26
2,hate,26
2,internet,26
2,quest,26
2,nude,26
2,copines,26
2,donné,26
2,kiff,26
2,recherche,26
2,garance,26
2,oublié,26
2,faite,26
2,lerirejaune,26
2,court,26
2,aventures,26
2,off,26
2,teint,26
2,peoples,26
2,into,26
2,version,26
2,2055,26
2,deau,26
2,monsieur,26
2,sors,26
2,pose,26
2,manoir,26
2,pcas,26
2,aider,26
2,mars,26
2,campagne,26
2,tournée,26
2,challenge,26
2,base,26
2,they,26
2,nouvellephotodeprofil,26
2,enfant,25
2,porter,25
2,amazing,25
2,con,25
2,nice,25
2,prêt,25
2,gamme,25
2,meme,25
2,vaut,25
2,gomarbeautytips,25
2,quune,25
2,vieux,25
2,coming,25
2,mignon,25
2,hugo,25
2,carte,25
2,netflixfr,25
2,youtubeurs,25
2,française,25
2,dailleurs,25
2,influenceuses,25
2,émission,25
2,retrouvé,25
2,atelier,25
2,prépare,25
2,soon,25
2,télé,25
2,jeunes,25
2,soeur,25
2,cauetofficiel,25
2,derrière,25
2,million,25
2,tsamere,25
2,breakfast,25
2,salon,25
2,reviens,25
2,max,25
2,chiens,25
2,chanel,25
2,noel,25
2,bonjouuuur,25
2,plusieurs,25
2,now,25
2,nord,25
2,harry,25
2,chic,25
2,ptite,25
2,cultura,25
2,hyper,25
2,jaurais,25
2,classe,25
2,voy,25
2,jesuishappy,25
2,complètement,25
2,shanna,24
2,minute,24
2,acheter,24
2,toulouse,24
2,has,24
2,copine,24
2,finalement,24
2,date,24
2,lémission,24
2,limit,24
2,sexy,24
2,fêter,24
2,juillet,24
2,snaps,24
2,problème,24
2,aucune,24
2,ville,24
2,sweet,24
2,red,24
2,theogordy,24
2,pièces,24
2,adresses,24
2,répondre,24
2,préférée,24
2,1000,24
2,propose,24
2,angeles,24
2,demyltr,24
2,sen,24
2,compris,24
2,croire,24
2,préparer,24
2,triste,24
2,fans,24
2,bag,24
2,pause,24
2,bcp,24
2,mas,24
2,titre,23
2,réalisé,23
2,talk,23
2,premières,23
2,clairement,23
2,victorartus,23
2,chercher,23
2,déjeuner,23
2,lors,23
2,ass,23
2,scène,23
2,natacha_birds,23
2,gagne,23
2,dhalloween,23
2,lamour,23
2,commencé,23
2,mot,23
2,merveilleux,23
2,next,23
2,bleus,23
2,their,23
2,sac,23
2,cher,23
2,plaît,23
2,influenceurs,23
2,café,23
2,course,23
2,meuf,23
2,berlin,23
2,premiers,23
2,croatia,23
2,poste,23
2,géniale,23
2,profitez,23
2,saint,23
2,topchef,23
2,londres,23
2,lance,23
2,nantes,23
2,heureux,23
2,see,23
2,arthur_officiel,23
2,maladie,23
2,moments,22
2,découvre,22
2,facile,22
2,10h,22
2,soi,22
2,sélection,22
2,boulot,22
2,fous,22
2,vues,22
2,recettes,22
2,brunch,22
2,kick,22
2,vloggist,22
2,happiness,22
2,lesbonnesfees,22
2,bref,22
2,offert,22
2,bleu,22
2,reçois,22
2,beautiful,22
2,disney,22
2,cures,22
2,update,22
2,canon,22
2,cute,22
2,dieu,22
2,tel,22
2,tupeuxtweeterg,22
2,jean,22
2,profiter,22
2,arthur_pal_,22
2,frais,22
2,demander,22
2,13h,22
2,épisodes,22
2,pleurer,22
2,lavoir,22
2,stars,22
2,aide,22
2,follow,22
2,fiersdetrebleus,22
2,réseaux,22
2,youtubeuses,22
2,barcelona,22
2,help,22
2,audiences,22
2,prise,21
2,ouiiii,21
2,pensé,21
2,revenir,21
2,chaleur,21
2,larticle,21
2,tourner,21
2,lunchtime,21
2,bras,21
2,duo,21
2,jattends,21
2,feel,21
2,sérieux,21
2,papa,21
2,parents,21
2,hahaha,21
2,nan,21
2,ben,21
2,lep,21
2,veulent,21
2,lunch,21
2,connais,21
2,masque,21
2,compétition,21
2,laissez,21
2,motivation,21
2,désolée,21
2,numéro,21
2,quelles,21
2,avezvous,21
2,16h50,21
2,nrj12,21
2,yes,21
2,cœurs,21
2,magie,21
2,laredoutefr,21
2,permis,21
2,semainedelhorreur,21
2,voila,21
2,trip,21
2,également,21
2,floracoquerel,21
2,frère,21
2,aimé,21
2,rendre,21
2,orange,21
2,tomber,21
2,choisir,21
2,queen,21
2,full,21
2,lune,21
2,loladubini,21
2,actuellement,21
2,ouais,21
2,elliotaubin,21
2,lafermejerome,21
2,marseille,21
2,comprends,21
2,nez,21
2,meilleures,21
2,extrait,21
2,réaliser,21
2,talent,21
2,music,21
2,cagnotte,21
1,pour,6416,0
1,sur,5170,0
1,les,4878,0
1,vous,3799,0
1,avec,3582,0
1,que,3401,0
1,cest,3389,0
1,pas,3175,0
1,des,2985,0
1,une,2593,0
1,est,2580,0
1,qui,2415,0
1,jai,2172,0
1,dans,2001,0
1,vidéo,1660,1
1,mais,1642,0
1,live,1638,1
1,plus,1534,0
1,mon,1510,0
1,merci,1403,1
1,tout,1285,0
1,fait,1267,0
1,faire,1159,0
1,suis,1116,0
1,cette,1015,0
1,par,1003,0
1,the,962,0
1,bien,949,0
1,youtube,926,1
1,jeu,913,1
1,nouvelle,908,1
1,soir,898,1
1,tous,849,0
1,moi,828,0
1,nous,809,0
1,stream,796,1
1,fortnite,781,1
1,bon,775,1
1,quand,735,0
1,demain,731,1
1,trop,690,0
1,comme,676,0
1,même,636,0
1,voir,566,1
1,mes,566,0
1,vraiment,563,1
1,ici,553,1
1,via,552,1
1,game,547,1
1,petit,546
1,être,529
1,sont,526
1,aujourdhui,525,1
1,encore,520
1,notre,514
1,son,508
1,très,507
1,top,503
1,après,493
1,peu,490
1,bonne,482
1,nouveau,459
1,vais,458
1,maintenant,455
1,lets,439
1,monde,439
1,cétait,437
1,avant,433
1,tournoi,416
1,aussi,415
1,team,411
1,aux,411
1,and,408
1,temps,401
1,allez,395
1,for,394
1,quil,378
1,vos,377
1,donc,376
1,sera,372
1,jouer,371
1,votre,370
1,juste,364
1,amis,362
1,sans,350
1,quoi,350
1,fois,349
1,ils,349
1,toujours,345
1,pgw,345
1,parti,339
1,retour,335
1,contre,335
1,soirée,334
1,solary,334
1,quon,334
1,moment,334
1,super,333
1,enfin,330
1,gagner,330
1,stand,329
1,video,327
1,alors,323
1,vie,317
1,ces,315
1,chez,312
1,déjà,310
1,jour,310
1,elle,310
1,fin,310
1,coup,304
1,tellement,301
1,gros,300
1,beaucoup,298
1,jamais,297
1,depuis,297
1,jours,295
1,avoir,295
1,nintendoswitch,294
1,journée,288
1,rien,284
1,ont,283
1,jeux,283
1,meilleur,283
1,deux,281
1,part,278
1,nuit,278
1,quelques,275
1,fais,274
1,gens,274
1,suite,272
1,chaîne,268
1,peut,268
1,venez,265
1,oui,265
1,ans,264
1,twitch,257
1,dire,257
1,été,256
1,jsuis,255
1,cool,255
1,dun,255
1,duo,254
1,grand,253
1,plaisir,253
1,voici,253
1,incroyable,251
1,semaine,251
1,you,249
1,lui,248
1,match,248
1,pendant,246
1,car,245
1,faut,245
1,france,244
1,puis,242
1,best,241
1,nos,240
1,matin,238
1,petite,237
1,kayane,234
1,avez,229
1,games,229
1,ceux,228
1,premier,228
1,êtes,227
1,putain,226
1,mois,226
1,dernière,225
1,normangenius,224
1,toute,222
1,vidéos,222
1,commence,222
1,finale,221
1,mode,219
1,toutes,217
1,mal,216
1,saison,215
1,passe,214
1,première,214
1,2018,214
1,non,206
1,20h,205
1,minutes,204
1,quelle,203
1,with,203
1,tes,203
1,direct,203
1,viens,199
1,tweet,199
1,this,199
1,joue,197
1,photo,197
1,fou,196
1,pubg,196
1,comment,195
1,paris,195
1,était,194
1,ses,194
1,quel,194
1,toi,193
1,entre,193
1,lol,191
1,jusquà,189
1,voilà,188
1,train,188
1,joueurs,188
1,jespère,188
1,potes,187
1,luttilutti_,187
1,perso,187
1,dêtre,186
1,passer,185
1,concours,184
1,davoir,183
1,leur,183
1,sais,183
1,moins,182
1,noob,181
1,rdv,181
1,dit,179
1,beau,177
1,cet,177
1,roilennon,177
1,vrai,177
1,mythixtrinity,177
1,envie,175
1,soulcaliburvi,175
1,bientôt,174
1,mdr,174
1,peux,174
1,hop,173
1,arrive,172
1,hâte,170
1,partir,169
1,compte,169
1,ton,169
1,sort,168
1,dune,167
1,lheure,167
1,dernier,166
1,scène,164
1,21h,163
1,rendezvous,162
1,place,161
1,bonjour,161
1,twitter,160
1,jaime,159
1,chance,157
1,aller,157
1,bob,157
1,parle,156
1,olydri_noob,156
1,overwatch,156
1,solo,154
1,mettre,154
1,brokybrawks,153
1,vient,152
1,disponible,151
1,lestreamfr,150
1,prendre,148
1,18h,148
1,ps4,147
1,weekend,146
1,truc,146
1,continue,146
1,test,145
1,dis,144
1,soloq,144
1,javais,144
1,veux,144
1,dimanche,144
1,salut,142
1,retrouve,141
1,chaque,141
1,parce,140
1,switch,140
1,kythis_my,140
1,world,139
1,soit,139
1,wow,138
1,surtout,138
1,pense,138
1,follow,138
1,lan,138
1,jen,138
1,genre,138
1,début,137
1,donne,137
1,lennon,137
1,gaming,136
1,joueur,136
1,belle,136
1,mort,136
1,new,136
1,gameplay,136
1,vers,136
1,one,136
1,grande,135
1,chose,135
1,reste,135
1,lance,135
1,voulez,134
1,mieux,134
1,juliabayonetta,133
1,soul,132
1,chaud,132
1,sortie,132
1,nest,132
1,aura,131
1,partie,131
1,skyyart,130
1,teamg1,130
1,fini,130
1,ensemble,130
1,bravo,129
1,passé,129
1,autre,128
1,choses,128
1,tiooolol,128
1,niveau,128
1,content,128
1,parler,128
1,pro,127
1,plein,127
1,mario,126
1,sous,126
1,pars,125
1,regarder,125
1,découvrir,124
1,samedi,124
1,hier,123
1,19h,123
1,pouvoir,123
1,pourquoi,123
1,tas,122
1,avecle6,122
1,100,122
1,prochaine,122
1,soulcalibur,122
1,play,121
1,meilleurs,120
1,version,119
1,besoin,119
1,dès,119
1,15h,118
1,merde,118
1,participer,118
1,nintendo,118
1,anniversaire,117
1,life,117
1,league,117
1,vois,117
1,épisode,117
1,grosse,117
1,chaine,116
1,pouvez,115
1,all,115
1,kills,115
1,now,115
1,esport,115
1,avait,114
1,jvais,114
1,bah,114
1,serai,114
1,sup3rkonar,114
1,faites,114
1,autres,114
1,vite,113
1,quelquun,113
1,sest,112
1,cast,112
1,dispo,112
1,hey,111
1,will,111
1,personne,111
1,vont,111
1,série,111
1,heures,111
1,équipe,110
1,sinon,109
1,bordel,109
1,show,109
1,nouveaux,109
1,gotaga,108
1,gameone,108
1,tête,107
1,autant,107
1,léquipe,107
1,tour,107
1,gars,106
1,are,106
1,dont,106
1,fort,105
1,lunary,105
1,venir,105
1,sympa,105
1,savoir,104
1,week,104
1,battlerite,103
1,désolé,103
1,coupe,103
1,royale,103
1,calibur,103
1,reçu,102
1,côté,102
1,vendredi,102
1,photos,102
1,solarytv,102
1,vive,102
1,final,101
1,from,101
1,time,101
1,découverte,100
1,skirmish,100
1,musique,100
1,tryhard,99
1,narkusslol,99
1,assez,98
1,tenter,98
1,midi,98
1,annonce,98
1,1er,97
1,seul,97
1,svp,97
1,sortir,97
1,cas,97
1,tant,96
1,magnifique,96
1,prochain,96
1,msifrance,96
1,17h,96
1,momanus,95
1,but,95
1,pris,95
1,pire,95
1,mec,94
1,finir,94
1,joué,94
1,longtemps,94
1,fun,93
1,wakzlol,93
1,session,93
1,kinstaar92i,93
1,dead,93
1,tester,92
1,suivre,92
1,projet,92
1,montage,92
1,cause,92
1,worlds,92
1,vodkirl,92
1,terracid,91
1,nhésitez,91
1,out,91
1,jétais,91
1,ligne,91
1,max,91
1,français,91
1,film,90
1,reprend,90
1,frigiel,90
1,grave,89
1,trouve,89
1,chat,89
1,minecraft,88
1,fond,88
1,programme,88
1,reviens,88
1,conférence,88
1,champion,88
1,jbzzed,88
1,font,87
1,famille,87
1,_amixem,87
1,cup,87
1,your,87
1,heure,87
1,octobre,87
1,tournage,86
1,soutenir,86
1,questions,86
1,dautres,86
1,grâce,86
1,laink,86
1,full,86
1,dessus,86
1,maison,86
1,histoire,85
1,devant,85
1,quils,85
1,crois,85
1,that,85
1,rire,85
1,folie,85
1,retrouvez,85
1,donner,85
1,ouf,85
1,like,85
1,milleniumteam,85
1,serait,85
1,soutien,84
1,tard,84
1,news,84
1,cadeau,84
1,ptdr,84
1,personnes,83
1,année,83
1,jarrive,83
1,petits,83
1,abonnés,82
1,trouver,82
1,énorme,82
1,dormir,82
1,heureux,82
1,giga,82
1,love,82
1,14h,82
1,possible,82
1,16h,82
1,event,81
1,prêt,81
1,playstation,81
1,prend,81
1,perdu,81
1,zeratorsc2,81
1,compagnie,81
1,sens,81
1,veut,81
1,trucs,80
1,tekken,80
1,message,80
1,lourd,80
1,kennystream,80
1,point,80
1,trouvé,79
1,gagne,79
1,its,79
1,joyeux,79
1,retrouver,79
1,jeudi,79
1,commencer,79
1,actuellement,79
1,partager,79
1,omenbyhp_fr,78
1,unicornwal,78
1,lépisode,78
1,good,78
1,pokemon,78
1,nouvelles,78
1,lrb_lol,78
1,fnatic,77
1,red,77
1,battle,77
1,lundi,77
1,can,77
1,fantabobgames,76
1,meilleure,76
1,plutôt,76
1,mis,76
1,narkuss,76
1,avis,76
1,combat,75
1,hype,75
1,open,75
1,retard,75
1,pensez,75
1,absolument,75
1,000,75
1,victoire,75
1,manga,74
1,ahah,74
1,12h,74
1,lyon,74
1,loin,74
1,seront,74
1,peur,74
1,squad,73
1,not,73
1,instagram,73
1,have,73
1,etc,73
1,jadore,73
1,feu,73
1,nombreux,72
1,bros,72
1,happy,72
1,powa_vodk,72
1,attend,71
1,regarde,71
1,communauté,71
1,essayer,71
1,quelque,71
1,millions,71
1,travail,71
1,eux,71
1,chill,70
1,dois,70
1,soyez,69
1,découvre,69
1,japon,69
1,long,69
1,aventure,69
1,soon,68
1,just,68
1,lannée,68
1,présent,68
1,top1,68
1,chap_gg,68
1,jvous,68
1,13h,68
1,copains,68
1,loccasion,67
1,jme,67
1,dur,67
1,bro,67
1,csgo,67
1,semaines,67
1,sorti,67
1,main,67
1,plusieurs,67
1,ultra,67
1,win,67
1,parisgamesweek,67
1,back,67
1,more,67
1,tirage,66
1,viewers,66
1,far,66
1,laisse,66
1,lors,66
1,our,66
1,aime,66
1,carbonrh,66
1,streamer,66
1,rentrée,65
1,vivre,65
1,internet,65
1,pokémon,65
1,ldlc,65
1,reprise,65
1,corée,65
1,pgw2018,65
1,lien,65
1,training,64
1,gamescom,64
1,émission,64
1,officiel,64
1,collector,64
1,mecs,63
1,lives,63
1,leurs,63
1,dessin,63
1,dici,63
1,detroit,63
1,domingo,63
1,cadeaux,63
1,siphano,63
1,presque,63
1,mercredi,62
1,face,62
1,22h,62
1,youtubers,62
1,cherche,61
1,regardez,61
1,le3,61
1,septembre,61
1,quest,61
1,peutêtre,61
1,doit,61
1,aucun,61
1,marcuszeboulet,61
1,arrivé,61
1,tennis,61
1,bisous,61
1,qualité,61
1,met,61
1,superbe,61
1,présente,61
1,con,60
1,jeel_tv,60
1,kinstaar,60
1,tiens,60
1,legends,60
1,lai,60
1,homme,60
1,make,60
1,rencontre,60
1,chien,60
1,avons,59
1,sardoche_lol,59
1,site,59
1,tourner,59
1,certains,59
1,ptit,59
1,attendant,59
1,infos,59
1,deuxième,59
1,nai,59
1,tente,59
1,sûr,59
1,contenu,59
1,youtuber,58
1,rdr2,58
1,first,58
1,min,58
1,olydri_fournier,58
1,salle,58
1,tours,58
1,hein,58
1,story,58
1,nom,58
1,free,58
1,boss,58
1,cry,58
1,insane,58
1,clip,58
1,lire,57
1,master,57
1,bande,57
1,dailleurs,57
1,totalement,57
1,noubliez,57
1,estce,57
1,mère,57
1,edition,57
1,yeux,57
1,recherche,57
1,prévu,57
1,zelda,56
1,players,56
1,voit,56
1,fier,56
1,chap,56
1,lhistoire,56
1,mickalow_,56
1,vitality,56
1,trayt0n,56
1,aurait,56
1,attention,56
1,aider,56
1,important,56
1,fan,56
1,invités,56
1,ladresse,55
1,vacances,55
1,force,55
1,collection,55
1,cours,55
1,xsqueezie,55
1,problème,55
1,prends,55
1,surprise,55
1,hello,55
1,insta,55
1,question,55
1,manque,54
1,fuck,54
1,parfait,54
1,discord,54
1,was,54
1,dieu,54
1,fera,54
1,vlog,54
1,voulais,53
1,soucis,53
1,sait,53
1,fighter,53
1,jbzz,53
1,rentre,53
1,street,53
1,hehe,53
1,draw,53
1,quun,53
1,patch,53
1,end,53
1,petites,52
1,evo2018,52
1,propre,52
1,cœur,52
1,jvtv,52
1,laventure,52
1,gaeaguildenoob,52
1,wtf,52
1,cuisine,52
1,code,52
1,hyper,52
1,miku,51
1,impossible,51
1,suivi,51
1,julientellouck,51
1,derniers,51
1,bonheur,51
1,demande,51
1,dragon,51
1,serais,51
1,seule,51
1,yes,51
1,rêve,51
1,monter,51
1,voila,51
1,objectif,51
1,préféré,51
1,évidemment,51
1,cyril_mp4,51
1,rip,51
1,découvrez,51
1,direction,51
1,caelaneuw,51
1,mardi,50
1,enjoy,50
1,dommage,50
1,guerre,50
1,annoncer,50
1,pourrez,50
1,lesport,50
1,dingue,50
1,lair,50
1,tome,50
1,stuff,50
1,streamers,50
1,également,50
1,nouvel,50
1,beta,50
1,coucou,50
1,prêts,50
1,sakor,50
1,see,50
1,sortira,49
1,milo,49
1,secret,49
1,lieu,49
1,party,49
1,réveil,49
1,quune,49
1,haha,49
1,passage,49
1,partout,49
1,hall,49
1,commentaires,49
1,donné,49
1,perdre,49
1,10h,49
1,oublié,49
1,pote,49
1,spécial,49
1,fête,49
1,jaurais,49
1,voix,49
1,celui,48
1,demandé,48
1,arcade,48
1,what,48
1,premiers,48
1,seulement,48
1,gueule,48
1,lémission,48
1,nba,48
1,playlist,48
1,today,48
1,vue,48
1,salon,48
1,franchement,48
1,messages,48
1,femme,48
1,celle,48
1,années,48
1,lannonce,48
1,xbox,48
1,complètement,48
1,expérience,48
1,moments,47
1,lancer,47
1,simple,47
1,hatsune,47
1,nul,47
1,ready,47
1,veulent,47
1,level,47
1,public,47
1,guilde,47
1,vforvictory,47
1,rejoindre,47
1,gagnant,47
1,fournierjohnana,47
1,mise,47
1,drôle,47
1,bons,47
1,trackmania,47
1,here,47
1,clairement,46
1,shaytwangame,46
1,irl,46
1,invité,46
1,change,46
1,very,46
1,spéciale,46
1,édition,46
1,jvtvofficiel,46
1,sommes,46
1,revoir,46
1,sil,46
1,revient,46
1,interview,46
1,marcusstream,46
1,malade,46
1,envoyez,46
1,détruire,46
1,bfa,46
1,pause,46
1,fêter,46
1,titre,45
1,continuer,45
1,18h30,45
1,droit,45
1,online,45
1,carte,45
1,bout,45
1,route,45
1,vas,45
1,réponse,45
1,discuter,45
1,lété,45
1,record,45
1,about,45
1,colis,45
1,lancé,45
1,manette,45
1,réussi,45
1,jusquau,45
1,fredzolf,45
1,2019,45
1,lol_melon,45
1,manger,45
1,support,45
1,11h,45
1,mont,45
1,please,44
1,call,44
1,ferai,44
1,choix,44
1,blog,44
1,japan,44
1,devrait,44
1,only,44
1,apres,44
1,aucune,44
1,points,44
1,day,44
1,peine,44
1,series,44
1,coach,44
1,help,44
1,showmatch,43
1,pack,43
1,dites,43
1,génial,43
1,terminé,43
1,futur,43
1,hihi,43
1,passion,43
1,map,43
1,subs,43
1,devenir,43
1,pleins,43
1,ville,43
1,rouge,43
1,novembre,43
1,gaea,43
1,hearthstone,43
1,stick,43
1,doigby,43
1,get,43
1,acheté,43
1,when,43
1,base,43
1,probablement,42
1,dhier,42
1,matchs,42
1,big,42
1,bug,42
1,japanexpo,42
1,prépare,42
1,matinale,42
1,kingdom,42
1,contente,42
1,hearts,42
1,sport,42
1,trailer,42
1,style,42
1,men,42
1,recevoir,42
1,bleu,42
1,façon,42
1,taipouz,41
1,alphacastfr,41
1,montrer,41
1,skin,41
1,rendez,41
1,battre,41
1,tontonartheon,41
1,mrquarate,41
1,ranked,41
1,cher,41
1,souvent,41
1,sors,41
1,raté,41
1,post,41
1,coop,41
1,rencontrer,41
1,voyage,41
1,mail,41
1,fille,41
1,marche,41
1,rappel,41
1,venu,41
1,résultat,40
1,étaient,40
1,bonnes,40
1,vues,40
1,concert,40
1,epic,40
1,forzahorizon4,40
1,malgré,40
1,spam,40
1,halloween,40
1,aie,40
1,thanks,40
1,tranquille,40
1,places,40
1,faisait,40
1,mvcaster,40
1,debrief,40
1,termine,40
1,aprem,40
1,tôt,40
1,1000,40
1,débarque,40
1,cod,40
1,sly_hunterr,40
1,porte,40
1,facile,39
1,pleine,39
1,misteradyboo,39
1,still,39
1,maxildan,39
1,parispubg,39
1,boutique,39
1,redemption,39
1,fight,39
1,refaire,39
1,équipes,39
1,finalement,39
1,orange,39
1,smash,39
1,namelesscsgo,39
1,clavier,39
1,respect,39
1,omg,39
1,need,39
1,groupe,39
1,reprendre,39
1,vieux,39
1,sauf,39
1,derrière,39
1,her,39
1,hugodelire36,39
1,exceptionnel,39
1,round,39
1,retours,39
1,lancement,39
1,avance,39
1,sûrement,39
1,voiture,39
1,sen,39
1,ouais,39
1,événement,39
1,challenge,39
1,btw,38
1,ami,38
1,hard,38
1,savez,38
1,squeezie,38
1,olydri_editions,38
1,retourne,38
1,evo,38
1,hésitez,38
1,durant,38
1,combien,38
1,redbox,38
1,lamour,38
1,faite,38
1,his,38
1,page,38
1,nba2k19,38
1,enfants,38
1,ajouté,38
1,maximum,38
1,honor,38
1,cant,38
1,concept,38
1,dedans,38
1,carolequintaine,38
1,vivement,38
1,some,38
1,lit,38
1,masse,38
1,tshirt,37
1,taff,37
1,kiffé,37
1,acheter,37
1,fighting,37
1,cerveau,37
1,coeur,37
1,quà,37
1,become,37
1,finit,37
1,gooo,37
1,changer,37
1,much,37
1,arriver,37
1,cela,37
1,zanki0h,37
1,lequel,37
1,décidé,37
1,pose,37
1,courant,37
1,projets,37
1,warcraft,37
1,art,36
1,champions,36
1,double,36
1,livre,36
1,fdj_esport,36
1,mat,36
1,marathon,36
1,sly_yoshi,36
1,commencé,36
1,gagné,36
1,predatorfrance,36
1,potos,36
1,tournois,36
1,boite,36
1,strange,36
1,dédicace,36
1,suivez,36
1,finales,36
1,daija,36
1,triste,36
1,proposer,36
1,rend,36
1,ball,36
1,rejoins,36
1,classe,36
1,monstre,36
1,cul,36
1,nouvellephotodeprofil,36
1,mahdiba_,36
1,prix,35
1,ainsi,35
1,idée,35
1,summer,35
1,nimporte,35
1,linstant,35
1,pub,35
1,recettes,35
1,rushesport,35
1,promis,35
1,jaurai,35
1,thank,35
1,tournament,35
1,connais,35
1,come,35
1,participe,35
1,raison,35
1,sac,35
1,fallout76,35
1,meme,35
1,julienchieze,35
1,beaux,35
1,desastre_show,35
1,bandainamcofr,35
1,challenger,35
1,limpression,35
1,rendre,35
1,millenium,35
1,1ère,35
1,metz,35
1,aide,35
1,cheveux,35
1,lavez,35
1,dahmien7,35
1,emb_gaming,35
1,type,34
1,serveur,34
1,premières,34
1,stylé,34
1,tombe,34
1,adc,34
1,poule,34
1,war,34
1,fanta,34
1,spiderman,34
1,remporte,34
1,know,34
1,forme,34
1,tekken7,34
1,were,34
1,black,34
1,rendu,34
1,rush,34
1,date,34
1,selon,34
1,jaimerais,34
1,trois,34
1,montre,34
1,rentrer,34
1,poser,34
1,folle,34
1,coming,34
1,parlé,34
1,there,34
1,sachakor,34
1,lolopentour,34
1,mots,34
1,streams,34
1,libre,34
1,couilles,34
1,partage,34
1,ambiance,34
1,fans,34
1,connaissez,34
1,streaming,34
1,prime,34
1,concernant,34
1,dédicaces,33
1,idées,33
1,départ,33
1,chercher,33
1,filles,33
1,sujet,33
1,talent,33
1,jattends,33
1,anglais,33
1,bref,33
1,sauver,33
1,ten,33
1,gratuit,33
1,sardoche,33
1,compétition,33
1,répondre,33
1,scvi,33
1,aimé,33
1,poster,33
1,mini,33
1,compris,33
1,produits,33
1,beauté,33
1,grands,33
1,récupérer,33
1,haut,32
1,hunter,32
1,amazing,32
1,solaryparty,32
1,revenir,32
1,shadowofthetombraider,32
1,mot,32
1,wakz,32
1,elles,32
1,note,32
1,boîte,32
1,juillet,32
1,daller,32
1,belles,32
1,tweets,32
1,lot,32
1,next,32
1,drama,32
1,faq,32
1,europe,32
1,human,32
1,gratuitement,32
1,damour,32
1,es1tv,32
1,reyesclothes,32
1,surement,32
1,chall,32
1,musiques,32
1,zone,32
1,watch,32
1,doute,32
1,énormément,32
1,ensuite,31
1,facebook,31
1,remporter,31
1,skeanz_lol,31
1,fasse,31
1,stage,31
1,16h30,31
1,tenir,31
1,dinfos,31
1,présents,31
1,tourne,31
1,stop,31
1,devient,31
1,playstationfr,31
1,vraie,31
1,500,31
1,endroit,31
1,royal,31
1,lexaaoff,31
1,2017,31
1,troll,31
1,mets,31
1,casque,31
1,format,31
1,worlds2018,31
1,propose,31
1,bois,31
1,daprès,31
1,frère,31
1,rencontré,31
1,night,31
1,hashtag,31
1,court,31
1,community,31
1,sommeil,30
1,amour,30
1,affronter,30
1,noël,30
1,apparemment,30
1,jirayalecochon,30
1,mauvais,30
1,kochmediafr,30
1,société,30
1,lestreamshowbarriere,30
1,table,30
1,attendre,30
1,perd,30
1,comprendre,30
1,pompe,30
1,mourir,30
1,kill,30
1,étant,30
1,e3mb,30
1,félicitations,30
1,obligé,30
1,bienvenue,30
1,dernières,30
1,gob_gg,30
1,remercier,30
1,normal,30
1,pays,30
1,work,30
1,feat,30
1,marque,30
1,ffs,30
1,heureusement,30
1,poste,30
1,près,30
1,sent,30
1,owwc2018,30
1,fluffy,30
1,chloeramdani,30
1,payer,30
1,choisi,30
1,archi,30
1,lune,30
1,pourrait,30
1,moitié,30
1,ayant,30
1,suffit,30
1,mane,30
1,kraynjv,30
1,clique,30
1,image,30
1,excellent,30
1,joycaoff,30
1,montpellier,30
1,check,30
1,sub,29
1,great,29
1,teamldlcfr,29
1,difficile,29
1,tue,29
1,tokyo,29
1,délire,29
1,pourrais,29
1,aha,29
1,nerf,29
1,club,29
1,player,29
1,confiance,29
1,convention,29
1,qualifier,29
1,raid,29
1,créer,29
1,ban,29
1,flow,29
1,images,29
1,animé,29
1,netflix,29
1,tomber,29
1,bébé,29
1,arrivent,29
1,naconfr,29
1,génie,29
1,refait,29
1,guys,29
1,aventures,29
1,vol,29
1,morts,29
1,into,29
1,camakstream,29
1,way,29
1,mai,29
1,nice,29
1,épisodes,29
1,amies,29
1,souhaite,29
1,corobizar,29
1,god,29
1,set,29
1,préparer,29
1,espérant,29
1,défis,29
1,they,29
1,nintendodirect,29
1,soleil,29
1,katarelol,29
1,them,29
1,how,28
1,secondes,28
1,fallout,28
1,fake,28
1,alderiate,28
1,bras,28
1,dhabitude,28
1,friends,28
1,french,28
1,prête,28
1,kiff,28
1,pression,28
1,rêves,28
1,resto,28
1,etre,28
1,pop,28
1,24h,28
1,plateau,28
1,casser,28
1,well,28
1,profiter,28
1,setup,28
1,king,28
1,grind,28
1,cosplay,28
1,airwaks,28
1,demander,28
1,skill,28
1,teso,28
1,two,28
1,ever,28
1,voulu,28
1,rage,28
1,déteste,28
1,animaux,28
1,humeur,28
1,sfco_pyro,28
1,tres,28
1,devoir,28
1,environ,28
1,info,28
1,replay,28
1,planning,28
1,2ème,28
1,bas,28
1,droite,27
1,courage,27
1,jungle,27
1,dessous,27
1,dons,27
1,akytio,27
1,rapide,27
1,dlc,27
1,corps,27
1,ouvert,27
1,unboxing,27
1,trophée,27
1,sérieux,27
1,goodies,27
1,rappelle,27
1,classement,27
1,1ere,27
1,skyrim,27
1,200,27
1,1v1,27
1,adieu,27
1,run,27
1,rejoignez,27
1,nouveautés,27
1,démarre,27
1,old,27
1,navez,27
1,écran,27
1,giroud,27
1,vaut,27
1,gagnants,27
1,days,27
1,business,27
1,mega,27
1,pls,27
1,awesome,27
1,dofus,27
1,pires,27
1,longue,27
1,sondage,27
1,mauvaise,27
1,console,27
1,exactement,27
1,sky,27
1,rue,27
1,forcément,27
1,joie,27
1,milieu,27
1,japonais,27
1,2000,27
1,falloir,27
1,meilleures,27
1,rapport,27
1,notamment,27
1,étiez,27
1,teeqzy,27
1,arrêter,27
1,scénario,27
1,terre,27
1,visite,27
1,again,26
1,enfant,26
1,lhomme,26
1,vegas,26
1,daujourdhui,26
1,experience,26
1,carry,26
1,juin,26
1,mdrr,26
1,boulot,26
1,demi,26
1,maider,26
1,déçu,26
1,ill,26
1,really,26
1,ninja,26
1,préparez,26
1,officiellement,26
1,dark,26
1,even,26
1,locaux,26
1,galère,26
1,largent,26
1,google,26
1,séance,26
1,robi_ow,26
1,offre,26
1,autour,26
1,prenez,26
1,plaît,26
1,légendaire,26
1,people,26
1,penser,26
1,passez,26
1,ira,26
1,propreté,26
1,mange,26
1,jusque,26
1,bonus,26
1,liste,26
1,cru,26
1,team_vitality,26
1,monte,26
1,spidermanps4,26
1,kart,26
1,pick,26
1,partenaire,26
1,envoyé,26
1,dodo,26
1,août,26
1,approche,26
1,visionnage,26
1,défi,26
1,attendu,26
1,feed,26
1,jveux,26
1,participants,26
1,lun,26
1,résumé,26
1,créé,26
1,extension,25
1,warcraft_fr,25
1,pixelmon,25
1,fail,25
1,gilles,25
1,duty,25
1,playing,25
1,télécharger,25
1,mavoir,25
1,apprécié,25
1,last,25
1,episode,25
1,studio,25
1,problèmes,25
1,appreciated,25
1,films,25
1,square,25
1,going,25
1,mstrbtman,25
1,try,25
1,bestof,25
1,afin,25
1,gta,25
1,regardé,25
1,marre,25
1,too,25
1,korea,25
1,marrant,25
1,dos,25
1,him,25
1,surprises,25
1,looking,25
1,légende,25
1,jeunes,25
1,karma,25
1,plan,25
1,laime,25
1,assassins,25
1,véritable,25
1,commu,25
1,réveiller,25
1,héhé,25
1,minuit,25
1,viennent,25
1,fils,25
1,mission,25
1,chambre,25
1,store,25
1,tio,25
1,nombre,25
1,warpzone,25
1,quen,25
1,paye,25
1,rg18,25
1,dure,25
1,pile,25
1,laver,25
1,zqroide,25
1,normalement,25
1,profite,25
1,guide,25
1,music,25
1,doigts,25
1,foot,25
1,calme,25
1,dbfz,25
1,tranquillement,25
1,geek_festival,25
1,want,24
1,mérite,24
1,revanche,24
1,balles,24
1,prise,24
1,levo,24
1,doverwatch,24
1,den,24
1,dirait,24
1,arme,24
1,superzouloux,24
1,dentre,24
1,tgstoulouse,24
1,risque,24
1,laisser,24
1,parents,24
1,rolandgarros,24
1,lautre,24
1,canada,24
1,omenchallenge,24
1,right,24
1,simplement,24
1,seconde,24
1,rester,24
1,ogow,24
1,hasard,24
1,mains,24
1,visage,24
1,tel,24
1,versus,24
1,aurez,24
1,annoncé,24
1,who,24
1,chemin,24
1,volé,24
1,parfois,24
1,suisse,24
1,pied,24
1,donnez,24
1,euros,24
1,project,24
1,attendez,24
1,riot,24
1,festival,24
1,chef,24
1,dessins,24
1,fdjesport,24
1,métier,24
1,raconte,24
1,botlane,24
1,19h30,24
1,dabonnés,24
1,devenu,24
1,mdrrr,24
1,kammeto,24
1,man,24
1,extrêmement,24
1,laquelle,24
1,père,23
1,connu,23
1,ligue,23
1,album,23
1,daccord,23
1,horde,23
1,micro,23
1,odyssey,23
1,papa,23
1,teste,23
1,bertrand_amar,23
1,expo,23
1,conseils,23
1,deviens,23
1,welcome,23
1,mignon,23
1,lambiance,23
1,ops,23
1,remet,23
1,lestream,23
1,gosse,23
1,disney,23
1,française,23
1,update,23
1,gamersorigin,23
1,souvenirs,23
1,tombé,23
1,focus,23
1,moyen,23
1,crash,23
1,their,23
1,jsais,23
1,hero,23
1,phil_cardona,23
1,aypierremc,23
1,envoyer,23
1,look,23
1,bureau,23
1,gossaga,23
1,york,23
1,already,23
1,lami,23
1,character,23
1,horror,23
1,creed,23
1,changé,23
1,magique,23
1,300,23
1,ouverture,23
1,jviens,23
1,2eme,23
1,lamasticup,23
1,dreamhack,23
1,levent,23
1,made,23
1,erreur,23
1,rpg,23
1,retrouvé,23
1,julienzell,23
1,perds,23
1,chasse,23
1,heureuse,23
1,bus,23
1,blackout,23
1,sale,23
1,rythme,23
1,3ème,23
1,horrible,23
1,tourné,22
1,démo,22
1,sachez,22
1,sure,22
1,unicorn,22
1,clé,22
1,faisant,22
1,poulpemb,22
1,présenter,22
1,jure,22
1,gamer,22
1,xewer,22
1,ceci,22
1,oublier,22
1,choc,22
1,1h30,22
1,sud,22
1,hors,22
1,larrivée,22
1,lunivers,22
1,did,22
1,téléphone,22
1,bonsoir,22
1,carrière,22
1,comptes,22
1,against,22
1,screen,22
1,aprèsmidi,22
1,monstres,22
1,available,22
1,join,22
1,faute,22
1,meuf,22
1,mettez,22
1,pauvre,22
1,zevent2018,22
1,int,22
1,essayé,22
1,rap,22
1,copain,22
1,lavoir,22
1,éclaté,22
1,flomoshi,22
1,wind,22
1,iphone,22
1,fifa,22
1,clash,22
1,ystosnoob,22
1,sympas,22
1,terminée,22
1,croire,22
1,réseaux,22
1,commentaire,22
1,chauds,22
1,nen,22
1,lutti,22
1,star,22
1,had,22
1,canapé,22
1,bleus,21
1,mangalaxy,21
1,total,21
1,amazon,21
1,eswc,21
1,vécu,21
1,blackops4,21
1,history,21
1,tuer,21
1,jeune,21
1,avril,21
1,testé,21
1,jvois,21
1,réalisé,21
1,pov,21
1,frères,21
1,blague,21
1,ouvrir,21
1,has,21
1,atm,21
1,talim,21
1,disponibles,21
1,nan,21
1,pensais,21
1,attends,21
1,offert,21
1,écouter,21
1,différents,21
1,semble,21
1,partenariat,21
1,broadcasterroyale,21
1,nont,21
1,complet,21
1,splatoon2,21
1,chauffe,21
1,eswcmetz,21
1,usa,21
1,got,21
1,plaira,21
1,travers,21
1,dhab,21
1,raphael_carlier,21
1,remettre,21
1,couleurs,21
1,rejoint,21
1,doux,21
1,million,21
1,after,21
1,build,21
1,duel,21
1,miniature,21
1,wait,21
1,shaunzpro,21
1,proposé,21
1,sérieusement,21
1,staff,21
1,lintégrale,21
1,monsieur,21
1,trinity,21
1,dormi,21
1,why,21
1,appréciés,21
1,tendances,21
1,terminer,21
1,mavez,21
1,mid,21
1,rapidement,21
1,crew,21
1,puisse,21
1,leau,21
1,streamerai,21
1,skins,21
1,slt,21
1,blizzcon,21
1,lockl34r,21
1,season,21
1,aimez,21
1,venus,21
1,lhonneur,21
1,maj,21
1,trini,21
1,remercie,21
